train_records,val_records,test_records
tr11-0347/tr11-0347,tr04-0239/tr04-0239,tr12-0122/tr12-0122
tr05-1233/tr05-1233,tr13-0681/tr13-0681,tr03-0167/tr03-0167
tr05-0497/tr05-0497,tr05-0348/tr05-0348,tr06-0307/tr06-0307
tr11-0577/tr11-0577,tr11-0655/tr11-0655,tr03-0392/tr03-0392
tr05-0405/tr05-0405,tr03-0304/tr03-0304,tr12-0573/tr12-0573
tr07-0687/tr07-0687,tr10-0864/tr10-0864,tr03-0485/tr03-0485
tr06-0677/tr06-0677,tr09-0070/tr09-0070,tr07-0804/tr07-0804
tr05-1624/tr05-1624,tr09-0068/tr09-0068,tr04-0703/tr04-0703
tr05-1225/tr05-1225,tr10-0392/tr10-0392,tr13-0464/tr13-0464
tr05-0256/tr05-0256,tr05-1183/tr05-1183,tr03-0921/tr03-0921
tr14-0110/tr14-0110,tr12-0519/tr12-0519,tr07-0231/tr07-0231
tr10-0771/tr10-0771,tr14-0112/tr14-0112,tr05-1684/tr05-1684
tr05-1258/tr05-1258,tr07-0283/tr07-0283,tr11-0080/tr11-0080
tr05-0418/tr05-0418,tr04-0569/tr04-0569,tr03-0401/tr03-0401
tr06-0315/tr06-0315,tr05-0411/tr05-0411,tr03-0251/tr03-0251
tr05-1551/tr05-1551,tr09-0541/tr09-0541,tr06-0488/tr06-0488
tr03-0257/tr03-0257,tr05-0627/tr05-0627,tr07-0401/tr07-0401
tr04-0887/tr04-0887,tr09-0593/tr09-0593,tr11-0200/tr11-0200
tr04-0362/tr04-0362,tr06-0347/tr06-0347,tr12-0414/tr12-0414
tr06-0536/tr06-0536,tr05-0574/tr05-0574,tr04-0287/tr04-0287
tr06-0843/tr06-0843,tr10-0728/tr10-0728,tr08-0113/tr08-0113
tr07-0394/tr07-0394,tr08-0139/tr08-0139,tr13-0638/tr13-0638
tr07-0262/tr07-0262,tr12-0375/tr12-0375,tr10-0059/tr10-0059
tr03-1100/tr03-1100,tr06-0791/tr06-0791,tr06-0797/tr06-0797
tr10-0768/tr10-0768,tr04-0075/tr04-0075,tr03-0541/tr03-0541
tr05-0782/tr05-0782,tr08-0168/tr08-0168,tr12-0106/tr12-0106
tr08-0295/tr08-0295,tr04-0931/tr04-0931,tr06-0362/tr06-0362
tr10-0626/tr10-0626,tr03-1346/tr03-1346,tr03-0166/tr03-0166
tr12-0009/tr12-0009,tr07-0585/tr07-0585,tr12-0248/tr12-0248
tr12-0061/tr12-0061,tr04-0741/tr04-0741,tr09-0175/tr09-0175
tr05-1190/tr05-1190,tr07-0894/tr07-0894,tr13-0076/tr13-0076
tr03-0906/tr03-0906,tr10-0808/tr10-0808,tr05-0812/tr05-0812
tr06-0126/tr06-0126,tr04-0631/tr04-0631,tr05-0655/tr05-0655
tr05-0784/tr05-0784,tr03-1181/tr03-1181,tr08-0280/tr08-0280
tr05-1570/tr05-1570,tr04-0939/tr04-0939,tr05-1247/tr05-1247
tr05-1688/tr05-1688,tr07-0232/tr07-0232,tr04-0864/tr04-0864
tr12-0364/tr12-0364,tr04-0015/tr04-0015,tr12-0253/tr12-0253
tr09-0331/tr09-0331,tr04-0279/tr04-0279,tr04-0878/tr04-0878
tr07-0874/tr07-0874,tr05-1270/tr05-1270,tr12-0308/tr12-0308
tr07-0602/tr07-0602,tr10-0247/tr10-0247,tr03-0005/tr03-0005
tr05-0738/tr05-0738,tr13-0508/tr13-0508,tr11-0436/tr11-0436
tr05-1659/tr05-1659,tr06-0802/tr06-0802,tr03-0314/tr03-0314
tr03-0086/tr03-0086,tr03-1231/tr03-1231,tr04-0825/tr04-0825
tr09-0647/tr09-0647,tr04-0402/tr04-0402,tr12-0410/tr12-0410
tr09-0220/tr09-0220,tr07-0293/tr07-0293,tr06-0780/tr06-0780
tr07-0841/tr07-0841,tr11-0509/tr11-0509,tr04-1032/tr04-1032
tr03-0708/tr03-0708,tr03-0785/tr03-0785,tr07-0040/tr07-0040
tr03-0322/tr03-0322,tr13-0425/tr13-0425,tr08-0156/tr08-0156
tr06-0317/tr06-0317,tr13-0517/tr13-0517,tr11-0354/tr11-0354
tr03-0536/tr03-0536,tr08-0315/tr08-0315,tr05-1572/tr05-1572
tr12-0681/tr12-0681,tr05-1558/tr05-1558,tr14-0278/tr14-0278
tr11-0792/tr11-0792,tr05-1604/tr05-1604,tr07-0016/tr07-0016
tr11-0338/tr11-0338,tr11-0471/tr11-0471,tr04-0913/tr04-0913
tr05-1060/tr05-1060,tr09-0489/tr09-0489,tr06-0332/tr06-0332
tr04-0208/tr04-0208,tr05-0932/tr05-0932,tr14-0206/tr14-0206
tr10-0442/tr10-0442,tr14-0003/tr14-0003,tr07-0162/tr07-0162
tr07-0153/tr07-0153,tr06-0177/tr06-0177,tr13-0202/tr13-0202
tr07-0650/tr07-0650,tr13-0801/tr13-0801,tr10-0006/tr10-0006
tr05-0327/tr05-0327,tr05-0905/tr05-0905,tr06-0017/tr06-0017
tr12-0279/tr12-0279,tr05-1163/tr05-1163,tr03-0686/tr03-0686
tr05-0292/tr05-0292,tr05-0243/tr05-0243,tr04-0133/tr04-0133
tr04-0255/tr04-0255,tr10-0869/tr10-0869,tr13-0101/tr13-0101
tr03-1302/tr03-1302,tr05-1313/tr05-1313,tr07-0786/tr07-0786
tr06-0850/tr06-0850,tr04-0653/tr04-0653,tr09-0237/tr09-0237
tr12-0440/tr12-0440,tr09-0296/tr09-0296,tr04-1034/tr04-1034
tr03-0029/tr03-0029,tr13-0367/tr13-0367,tr11-0659/tr11-0659
tr06-0576/tr06-0576,tr07-0593/tr07-0593,tr04-0041/tr04-0041
tr04-0966/tr04-0966,tr06-0122/tr06-0122,tr06-1010/tr06-1010
tr09-0527/tr09-0527,tr03-1143/tr03-1143,tr04-0806/tr04-0806
tr10-0635/tr10-0635,tr04-0551/tr04-0551,tr10-0509/tr10-0509
tr07-0343/tr07-0343,tr06-0475/tr06-0475,tr14-0240/tr14-0240
tr05-0471/tr05-0471,tr07-0056/tr07-0056,tr04-0227/tr04-0227
tr09-0453/tr09-0453,tr08-0356/tr08-0356,tr03-0078/tr03-0078
tr13-0447/tr13-0447,tr03-1155/tr03-1155,tr09-0423/tr09-0423
tr05-0707/tr05-0707,tr05-1118/tr05-1118,tr04-1078/tr04-1078
tr06-0567/tr06-0567,tr07-0102/tr07-0102,tr12-0348/tr12-0348
tr03-0152/tr03-0152,tr11-0326/tr11-0326,tr13-0372/tr13-0372
tr05-1317/tr05-1317,tr04-1117/tr04-1117,tr06-0627/tr06-0627
tr04-0568/tr04-0568,tr03-1387/tr03-1387,tr05-0326/tr05-0326
tr05-0849/tr05-0849,tr03-0618/tr03-0618,tr06-0449/tr06-0449
tr03-0300/tr03-0300,tr06-0418/tr06-0418,tr12-0463/tr12-0463
tr10-0832/tr10-0832,tr03-0715/tr03-0715,tr14-0182/tr14-0182
tr03-0955/tr03-0955,tr04-0120/tr04-0120,tr04-0570/tr04-0570
tr05-1356/tr05-1356,tr12-0185/tr12-0185,tr03-1135/tr03-1135
tr03-0092/tr03-0092,tr06-0429/tr06-0429,tr05-0910/tr05-0910
tr05-0652/tr05-0652,tr04-0503/tr04-0503,tr06-0202/tr06-0202
tr12-0319/tr12-0319,tr11-0736/tr11-0736,tr10-0872/tr10-0872
tr03-1115/tr03-1115,tr08-0192/tr08-0192,tr11-0016/tr11-0016
tr10-0363/tr10-0363,tr03-0413/tr03-0413,tr06-0390/tr06-0390
tr06-0785/tr06-0785,tr12-0368/tr12-0368,tr06-0865/tr06-0865
tr03-0394/tr03-0394,tr12-0509/tr12-0509,tr14-0064/tr14-0064
tr04-0400/tr04-0400,tr06-0815/tr06-0815,tr07-0703/tr07-0703
tr13-0621/tr13-0621,tr10-0853/tr10-0853,tr06-0404/tr06-0404
tr13-0686/tr13-0686,tr05-1371/tr05-1371,tr04-0658/tr04-0658
tr03-0592/tr03-0592,tr05-0744/tr05-0744,tr05-0449/tr05-0449
tr12-0209/tr12-0209,tr06-0827/tr06-0827,tr04-0603/tr04-0603
tr10-0251/tr10-0251,tr05-1234/tr05-1234,tr03-0267/tr03-0267
tr12-0404/tr12-0404,tr11-0734/tr11-0734,tr04-0579/tr04-0579
tr11-0064/tr11-0064,tr12-0425/tr12-0425,tr04-0959/tr04-0959
tr04-0008/tr04-0008,tr06-0107/tr06-0107,tr05-1135/tr05-1135
tr07-0084/tr07-0084,tr12-0255/tr12-0255,tr06-0694/tr06-0694
tr05-0404/tr05-0404,tr12-0532/tr12-0532,tr04-0417/tr04-0417
tr12-0438/tr12-0438,tr13-0204/tr13-0204,tr05-0069/tr05-0069
tr09-0122/tr09-0122,tr05-0701/tr05-0701,tr11-0072/tr11-0072
tr03-1010/tr03-1010,tr12-0241/tr12-0241,tr08-0347/tr08-0347
tr05-1372/tr05-1372,tr04-0699/tr04-0699,tr05-0226/tr05-0226
tr03-0287/tr03-0287,tr03-0241/tr03-0241,tr13-0576/tr13-0576
tr12-0173/tr12-0173,tr13-0387/tr13-0387,tr12-0064/tr12-0064
tr03-0216/tr03-0216,tr05-0880/tr05-0880,tr08-0351/tr08-0351
tr12-0412/tr12-0412,tr05-0864/tr05-0864,tr04-0983/tr04-0983
tr05-0724/tr05-0724,tr05-0206/tr05-0206,tr13-0525/tr13-0525
tr12-0685/tr12-0685,tr04-0393/tr04-0393,tr05-1146/tr05-1146
tr03-0933/tr03-0933,tr03-0061/tr03-0061,tr06-0547/tr06-0547
tr05-1521/tr05-1521,tr06-0363/tr06-0363,tr07-0771/tr07-0771
tr13-0819/tr13-0819,tr03-1160/tr03-1160,tr03-0919/tr03-0919
tr07-0212/tr07-0212,tr04-0216/tr04-0216,tr13-0438/tr13-0438
tr05-0664/tr05-0664,tr14-0167/tr14-0167,tr07-0179/tr07-0179
tr09-0044/tr09-0044,tr05-0356/tr05-0356,tr09-0553/tr09-0553
tr05-0949/tr05-0949,tr06-0709/tr06-0709,tr05-0403/tr05-0403
tr07-0235/tr07-0235,tr04-0882/tr04-0882,tr11-0334/tr11-0334
tr06-0041/tr06-0041,tr12-0015/tr12-0015,tr07-0691/tr07-0691
tr06-0517/tr06-0517,tr12-0493/tr12-0493,tr05-1375/tr05-1375
tr07-0752/tr07-0752,tr12-0244/tr12-0244,tr05-1121/tr05-1121
tr03-0418/tr03-0418,tr05-1229/tr05-1229,tr04-0675/tr04-0675
tr06-0182/tr06-0182,tr07-0490/tr07-0490,tr11-0644/tr11-0644
tr07-0665/tr07-0665,tr04-0029/tr04-0029,tr06-0249/tr06-0249
tr03-0567/tr03-0567,tr11-0059/tr11-0059,tr06-0262/tr06-0262
tr06-0750/tr06-0750,tr10-0350/tr10-0350,tr04-1021/tr04-1021
tr11-0640/tr11-0640,tr13-0589/tr13-0589,tr05-1528/tr05-1528
tr12-0441/tr12-0441,tr13-0170/tr13-0170,tr06-0333/tr06-0333
tr13-0547/tr13-0547,tr12-0339/tr12-0339,tr10-0762/tr10-0762
tr04-0900/tr04-0900,tr04-0187/tr04-0187,tr08-0287/tr08-0287
tr07-0575/tr07-0575,tr06-0313/tr06-0313,tr13-0383/tr13-0383
tr05-0800/tr05-0800,tr03-1075/tr03-1075,tr07-0291/tr07-0291
tr12-0481/tr12-0481,tr12-0492/tr12-0492,tr06-0014/tr06-0014
tr03-0434/tr03-0434,tr05-0860/tr05-0860,tr07-0820/tr07-0820
tr08-0105/tr08-0105,tr03-0796/tr03-0796,tr03-1362/tr03-1362
tr05-1112/tr05-1112,tr03-0759/tr03-0759,tr13-0056/tr13-0056
tr09-0082/tr09-0082,tr13-0653/tr13-0653,tr07-0125/tr07-0125
tr03-0402/tr03-0402,tr03-0052/tr03-0052,tr03-0764/tr03-0764
tr04-0247/tr04-0247,tr04-0265/tr04-0265,tr05-1167/tr05-1167
tr10-0306/tr10-0306,tr11-0025/tr11-0025,tr11-0592/tr11-0592
tr13-0607/tr13-0607,tr14-0185/tr14-0185,tr05-1215/tr05-1215
tr14-0037/tr14-0037,tr03-0187/tr03-0187,tr10-0740/tr10-0740
tr03-0426/tr03-0426,tr05-1243/tr05-1243,tr13-0093/tr13-0093
tr07-0615/tr07-0615,tr05-1386/tr05-1386,tr07-0540/tr07-0540
tr07-0782/tr07-0782,tr05-0685/tr05-0685,tr12-0095/tr12-0095
tr12-0522/tr12-0522,tr12-0687/tr12-0687,tr05-1547/tr05-1547
tr06-0544/tr06-0544,tr12-0277/tr12-0277,tr14-0231/tr14-0231
tr04-0275/tr04-0275,,tr09-0533/tr09-0533
tr14-0272/tr14-0272,,tr08-0353/tr08-0353
tr03-1119/tr03-1119,,tr12-0363/tr12-0363
tr03-0198/tr03-0198,,tr06-0117/tr06-0117
tr09-0049/tr09-0049,,tr13-0187/tr13-0187
tr06-0771/tr06-0771,,tr09-0186/tr09-0186
tr07-0191/tr07-0191,,tr07-0909/tr07-0909
tr12-0439/tr12-0439,,tr12-0646/tr12-0646
tr07-0126/tr07-0126,,tr07-0517/tr07-0517
tr12-0682/tr12-0682,,tr10-0413/tr10-0413
tr12-0477/tr12-0477,,tr07-0830/tr07-0830
tr07-0761/tr07-0761,,tr12-0120/tr12-0120
tr11-0590/tr11-0590,,tr05-1687/tr05-1687
tr04-0746/tr04-0746,,tr03-0103/tr03-0103
tr07-0675/tr07-0675,,tr06-0318/tr06-0318
tr12-0530/tr12-0530,,tr05-1689/tr05-1689
tr05-1497/tr05-1497,,tr13-0685/tr13-0685
tr05-0570/tr05-0570,,tr07-0281/tr07-0281
tr10-0598/tr10-0598,,tr07-0418/tr07-0418
tr05-1475/tr05-1475,,tr09-0636/tr09-0636
tr13-0212/tr13-0212,,tr03-0780/tr03-0780
tr06-0232/tr06-0232,,tr06-0062/tr06-0062
tr07-0105/tr07-0105,,tr04-0121/tr04-0121
tr04-0471/tr04-0471,,tr03-1367/tr03-1367
tr12-0503/tr12-0503,,tr05-1034/tr05-1034
tr11-0339/tr11-0339,,tr08-0157/tr08-0157
tr03-0678/tr03-0678,,tr07-0718/tr07-0718
tr04-0144/tr04-0144,,tr03-0083/tr03-0083
tr12-0560/tr12-0560,,tr03-0299/tr03-0299
tr05-1324/tr05-1324,,tr12-0115/tr12-0115
tr04-0210/tr04-0210,,tr03-0726/tr03-0726
tr12-0426/tr12-0426,,tr13-0549/tr13-0549
tr08-0348/tr08-0348,,tr06-0397/tr06-0397
tr13-0493/tr13-0493,,tr11-0452/tr11-0452
tr05-1681/tr05-1681,,tr08-0183/tr08-0183
tr06-0825/tr06-0825,,tr07-0043/tr07-0043
tr12-0395/tr12-0395,,tr13-0615/tr13-0615
tr13-0255/tr13-0255,,tr10-0368/tr10-0368
tr05-1510/tr05-1510,,tr09-0065/tr09-0065
tr05-0074/tr05-0074,,tr12-0549/tr12-0549
tr04-0613/tr04-0613,,tr03-0733/tr03-0733
tr03-0396/tr03-0396,,tr04-0020/tr04-0020
tr13-0379/tr13-0379,,tr04-0374/tr04-0374
tr03-1129/tr03-1129,,tr04-1013/tr04-1013
tr05-0924/tr05-0924,,tr08-0277/tr08-0277
tr11-0573/tr11-0573,,tr06-0538/tr06-0538
tr03-1319/tr03-1319,,tr03-1185/tr03-1185
tr05-0686/tr05-0686,,tr05-0011/tr05-0011
tr03-0802/tr03-0802,,tr05-1277/tr05-1277
tr07-0458/tr07-0458,,tr07-0214/tr07-0214
tr03-1371/tr03-1371,,tr06-1117/tr06-1117
tr11-0350/tr11-0350,,tr04-0014/tr04-0014
tr13-0250/tr13-0250,,tr03-0907/tr03-0907
tr04-0695/tr04-0695,,tr07-0509/tr07-0509
tr09-0051/tr09-0051,,tr05-0260/tr05-0260
tr13-0505/tr13-0505,,tr05-0048/tr05-0048
tr04-0933/tr04-0933,,tr09-0159/tr09-0159
tr03-0289/tr03-0289,,tr08-0214/tr08-0214
tr06-0168/tr06-0168,,tr03-0773/tr03-0773
tr10-0512/tr10-0512,,tr03-0087/tr03-0087
tr04-0908/tr04-0908,,tr06-0103/tr06-0103
tr13-0566/tr13-0566,,tr13-0551/tr13-0551
tr11-0403/tr11-0403,,tr09-0567/tr09-0567
tr05-1720/tr05-1720,,tr06-0447/tr06-0447
tr03-0940/tr03-0940,,tr04-0196/tr04-0196
tr10-0084/tr10-0084,,tr12-0512/tr12-0512
tr12-0051/tr12-0051,,tr06-0705/tr06-0705
tr08-0266/tr08-0266,,tr03-1397/tr03-1397
tr06-0609/tr06-0609,,tr10-0707/tr10-0707
tr06-0084/tr06-0084,,tr10-0094/tr10-0094
tr12-0497/tr12-0497,,tr12-0672/tr12-0672
tr03-1373/tr03-1373,,tr13-0145/tr13-0145
tr05-1419/tr05-1419,,tr05-0549/tr05-0549
tr13-0567/tr13-0567,,tr03-0428/tr03-0428
tr04-0649/tr04-0649,,tr13-0448/tr13-0448
tr12-0559/tr12-0559,,tr10-0591/tr10-0591
tr13-0627/tr13-0627,,tr09-0469/tr09-0469
tr06-0503/tr06-0503,,tr07-0542/tr07-0542
tr03-0532/tr03-0532,,tr03-0494/tr03-0494
tr10-0621/tr10-0621,,tr10-0047/tr10-0047
tr07-0865/tr07-0865,,tr05-1129/tr05-1129
tr08-0314/tr08-0314,,tr03-0863/tr03-0863
tr03-0100/tr03-0100,,tr12-0448/tr12-0448
tr03-0411/tr03-0411,,tr07-0246/tr07-0246
tr05-1653/tr05-1653,,tr13-0364/tr13-0364
tr03-1197/tr03-1197,,tr07-0178/tr07-0178
tr06-0302/tr06-0302,,tr07-0913/tr07-0913
tr06-0242/tr06-0242,,tr05-1554/tr05-1554
tr03-0523/tr03-0523,,tr05-1404/tr05-1404
tr07-0642/tr07-0642,,tr04-1087/tr04-1087
tr07-0770/tr07-0770,,tr13-0538/tr13-0538
tr11-0516/tr11-0516,,tr14-0268/tr14-0268
tr04-1064/tr04-1064,,tr04-0960/tr04-0960
tr12-0299/tr12-0299,,tr04-0261/tr04-0261
tr05-1268/tr05-1268,,tr05-1513/tr05-1513
tr05-0838/tr05-0838,,tr05-1042/tr05-1042
tr05-1434/tr05-1434,,tr06-0204/tr06-0204
tr10-0447/tr10-0447,,tr03-0904/tr03-0904
tr05-0857/tr05-0857,,tr07-0861/tr07-0861
tr07-0123/tr07-0123,,tr03-0793/tr03-0793
tr06-0452/tr06-0452,,
tr09-0129/tr09-0129,,
tr03-1013/tr03-1013,,
tr12-0607/tr12-0607,,
tr04-0231/tr04-0231,,
tr11-0120/tr11-0120,,
tr10-0044/tr10-0044,,
tr05-0114/tr05-0114,,
tr11-0335/tr11-0335,,
tr05-1675/tr05-1675,,
tr07-0197/tr07-0197,,
tr07-0594/tr07-0594,,
tr04-0209/tr04-0209,,
tr04-0710/tr04-0710,,
tr07-0848/tr07-0848,,
tr07-0489/tr07-0489,,
tr09-0600/tr09-0600,,
tr05-0456/tr05-0456,,
tr12-0697/tr12-0697,,
tr11-0042/tr11-0042,,
tr05-0647/tr05-0647,,
tr11-0377/tr11-0377,,
tr09-0507/tr09-0507,,
tr08-0030/tr08-0030,,
tr10-0336/tr10-0336,,
tr11-0537/tr11-0537,,
tr05-0531/tr05-0531,,
tr05-1591/tr05-1591,,
tr03-1082/tr03-1082,,
tr03-0212/tr03-0212,,
tr10-0554/tr10-0554,,
tr07-0709/tr07-0709,,
tr05-0739/tr05-0739,,
tr05-1464/tr05-1464,,
tr04-1023/tr04-1023,,
tr04-0805/tr04-0805,,
tr04-1105/tr04-1105,,
tr03-1004/tr03-1004,,
tr12-0229/tr12-0229,,
tr04-0468/tr04-0468,,
tr06-0234/tr06-0234,,
tr07-0257/tr07-0257,,
tr05-1385/tr05-1385,,
tr05-1128/tr05-1128,,
tr07-0605/tr07-0605,,
tr07-0023/tr07-0023,,
tr03-1374/tr03-1374,,
tr04-0762/tr04-0762,,
tr11-0029/tr11-0029,,
tr09-0334/tr09-0334,,
tr04-0829/tr04-0829,,
tr06-0556/tr06-0556,,
tr07-0579/tr07-0579,,
tr05-0266/tr05-0266,,
tr06-0379/tr06-0379,,
tr07-0906/tr07-0906,,
tr07-0891/tr07-0891,,
tr12-0321/tr12-0321,,
tr03-1294/tr03-1294,,
tr05-1302/tr05-1302,,
tr03-0672/tr03-0672,,
tr11-0481/tr11-0481,,
tr04-0039/tr04-0039,,
tr03-0473/tr03-0473,,
tr11-0417/tr11-0417,,
tr11-0432/tr11-0432,,
tr03-1023/tr03-1023,,
tr10-0114/tr10-0114,,
tr04-0474/tr04-0474,,
tr04-0808/tr04-0808,,
tr03-0743/tr03-0743,,
tr05-0028/tr05-0028,,
tr12-0003/tr12-0003,,
tr03-0584/tr03-0584,,
tr11-0101/tr11-0101,,
tr03-0623/tr03-0623,,
tr06-0515/tr06-0515,,
tr07-0127/tr07-0127,,
tr13-0058/tr13-0058,,
tr06-0644/tr06-0644,,
tr14-0258/tr14-0258,,
tr12-0490/tr12-0490,,
tr04-0785/tr04-0785,,
tr03-0141/tr03-0141,,
tr03-1183/tr03-1183,,
tr10-0731/tr10-0731,,
tr07-0455/tr07-0455,,
tr14-0102/tr14-0102,,
tr13-0492/tr13-0492,,
tr14-0276/tr14-0276,,
tr11-0006/tr11-0006,,
tr05-0067/tr05-0067,,
tr11-0074/tr11-0074,,
tr05-0174/tr05-0174,,
tr07-0359/tr07-0359,,
tr07-0601/tr07-0601,,
tr13-0128/tr13-0128,,
tr11-0584/tr11-0584,,
tr06-0880/tr06-0880,,
tr07-0027/tr07-0027,,
tr07-0625/tr07-0625,,
tr03-1389/tr03-1389,,
tr13-0069/tr13-0069,,
tr06-0812/tr06-0812,,
tr11-0503/tr11-0503,,
tr09-0473/tr09-0473,,
tr11-0767/tr11-0767,,
tr03-0885/tr03-0885,,
tr07-0568/tr07-0568,,
tr07-0662/tr07-0662,,
tr06-0193/tr06-0193,,
tr12-0058/tr12-0058,,
tr05-1649/tr05-1649,,
tr07-0466/tr07-0466,,
tr09-0511/tr09-0511,,
tr07-0902/tr07-0902,,
tr07-0549/tr07-0549,,
tr05-0613/tr05-0613,,
tr05-1406/tr05-1406,,
tr03-0697/tr03-0697,,
tr06-0584/tr06-0584,,
tr05-0629/tr05-0629,,
tr11-0324/tr11-0324,,
tr09-0246/tr09-0246,,
tr06-1123/tr06-1123,,
tr07-0030/tr07-0030,,
tr09-0558/tr09-0558,,
tr05-0635/tr05-0635,,
tr07-0409/tr07-0409,,
tr05-0284/tr05-0284,,
tr14-0193/tr14-0193,,
tr03-0135/tr03-0135,,
tr07-0236/tr07-0236,,
tr10-0704/tr10-0704,,
tr05-0459/tr05-0459,,
tr13-0475/tr13-0475,,
tr04-1097/tr04-1097,,
tr07-0416/tr07-0416,,
tr05-0994/tr05-0994,,
tr07-0828/tr07-0828,,
tr05-1222/tr05-1222,,
tr05-1197/tr05-1197,,
tr10-0477/tr10-0477,,
tr07-0610/tr07-0610,,
tr07-0494/tr07-0494,,
tr05-1097/tr05-1097,,
tr06-0769/tr06-0769,,
tr07-0681/tr07-0681,,
tr05-0443/tr05-0443,,
tr05-0715/tr05-0715,,
tr05-1728/tr05-1728,,
tr03-0179/tr03-0179,,
tr04-0963/tr04-0963,,
tr03-1226/tr03-1226,,
tr07-0451/tr07-0451,,
tr05-0596/tr05-0596,,
tr04-0915/tr04-0915,,
tr03-0879/tr03-0879,,
tr04-0079/tr04-0079,,
tr12-0619/tr12-0619,,
tr08-0159/tr08-0159,,
tr12-0804/tr12-0804,,
tr03-0560/tr03-0560,,
tr08-0010/tr08-0010,,
tr05-1489/tr05-1489,,
tr03-0816/tr03-0816,,
tr05-0900/tr05-0900,,
tr09-0478/tr09-0478,,
tr05-0572/tr05-0572,,
tr10-0752/tr10-0752,,
tr08-0303/tr08-0303,,
tr07-0586/tr07-0586,,
tr04-0425/tr04-0425,,
tr10-0592/tr10-0592,,
tr05-0193/tr05-0193,,
tr06-0282/tr06-0282,,
tr11-0459/tr11-0459,,
tr12-0247/tr12-0247,,
tr10-0077/tr10-0077,,
tr03-1056/tr03-1056,,
tr03-0900/tr03-0900,,
tr09-0568/tr09-0568,,
tr08-0021/tr08-0021,,
tr06-0696/tr06-0696,,
tr09-0520/tr09-0520,,
tr09-0086/tr09-0086,,
tr10-0536/tr10-0536,,
tr05-1716/tr05-1716,,
tr05-0379/tr05-0379,,
tr06-0570/tr06-0570,,
tr07-0380/tr07-0380,,
tr11-0565/tr11-0565,,
tr05-0315/tr05-0315,,
tr05-0827/tr05-0827,,
tr03-0134/tr03-0134,,
tr03-0184/tr03-0184,,
tr04-0214/tr04-0214,,
tr13-0220/tr13-0220,,
tr06-0050/tr06-0050,,
tr07-0564/tr07-0564,,
tr12-0169/tr12-0169,,
tr03-1112/tr03-1112,,
tr14-0291/tr14-0291,,
tr14-0011/tr14-0011,,
tr05-1457/tr05-1457,,
tr05-1575/tr05-1575,,
tr13-0544/tr13-0544,,
tr08-0245/tr08-0245,,
tr12-0476/tr12-0476,,
tr10-0036/tr10-0036,,
tr05-0312/tr05-0312,,
tr05-0610/tr05-0610,,
tr11-0708/tr11-0708,,
tr10-0169/tr10-0169,,
tr04-0358/tr04-0358,,
tr13-0164/tr13-0164,,
tr05-0119/tr05-0119,,
tr03-1050/tr03-1050,,
tr11-0479/tr11-0479,,
tr08-0111/tr08-0111,,
tr05-0332/tr05-0332,,
tr09-0471/tr09-0471,,
tr09-0050/tr09-0050,,
tr07-0168/tr07-0168,,
tr05-1452/tr05-1452,,
tr05-1175/tr05-1175,,
tr09-0205/tr09-0205,,
tr05-0301/tr05-0301,,
tr13-0208/tr13-0208,,
tr05-0253/tr05-0253,,
tr06-0579/tr06-0579,,
tr12-0515/tr12-0515,,
tr05-1453/tr05-1453,,
tr08-0310/tr08-0310,,
tr06-0154/tr06-0154,,
tr10-0191/tr10-0191,,
tr06-0221/tr06-0221,,
tr11-0050/tr11-0050,,
tr10-0141/tr10-0141,,
tr07-0325/tr07-0325,,
tr08-0137/tr08-0137,,
tr13-0140/tr13-0140,,
tr12-0520/tr12-0520,,
tr07-0100/tr07-0100,,
tr12-0310/tr12-0310,,
tr04-1006/tr04-1006,,
tr13-0374/tr13-0374,,
tr11-0786/tr11-0786,,
tr08-0140/tr08-0140,,
tr07-0566/tr07-0566,,
tr09-0575/tr09-0575,,
tr12-0108/tr12-0108,,
tr11-0125/tr11-0125,,
tr03-0146/tr03-0146,,
tr09-0340/tr09-0340,,
tr03-0487/tr03-0487,,
tr03-1292/tr03-1292,,
tr04-0702/tr04-0702,,
tr14-0016/tr14-0016,,
tr13-0129/tr13-0129,,
tr09-0580/tr09-0580,,
tr05-1377/tr05-1377,,
tr12-0170/tr12-0170,,
tr03-0079/tr03-0079,,
tr10-0108/tr10-0108,,
tr08-0012/tr08-0012,,
tr05-1176/tr05-1176,,
tr03-0909/tr03-0909,,
tr13-0646/tr13-0646,,
tr04-0587/tr04-0587,,
tr05-0550/tr05-0550,,
tr05-0334/tr05-0334,,
tr04-0342/tr04-0342,,
tr05-1149/tr05-1149,,
tr03-0862/tr03-0862,,
tr10-0423/tr10-0423,,
tr12-0408/tr12-0408,,
tr12-0135/tr12-0135,,
tr11-0563/tr11-0563,,
tr07-0034/tr07-0034,,
tr05-0400/tr05-0400,,
tr04-0909/tr04-0909,,
tr03-0645/tr03-0645,,
tr13-0518/tr13-0518,,
tr11-0510/tr11-0510,,
tr03-0713/tr03-0713,,
tr04-0726/tr04-0726,,
tr04-0332/tr04-0332,,
tr07-0918/tr07-0918,,
tr04-1096/tr04-1096,,
tr03-0333/tr03-0333,,
tr06-0773/tr06-0773,,
tr04-0404/tr04-0404,,
tr03-0876/tr03-0876,,
tr04-0611/tr04-0611,,
tr12-0684/tr12-0684,,
tr04-0269/tr04-0269,,
tr06-0876/tr06-0876,,
tr13-0084/tr13-0084,,
tr11-0587/tr11-0587,,
tr11-0612/tr11-0612,,
tr13-0226/tr13-0226,,
tr09-0217/tr09-0217,,
tr05-0501/tr05-0501,,
tr07-0895/tr07-0895,,
tr12-0121/tr12-0121,,
tr04-0679/tr04-0679,,
tr10-0263/tr10-0263,,
tr11-0676/tr11-0676,,
tr06-0721/tr06-0721,,
tr06-0764/tr06-0764,,
tr08-0256/tr08-0256,,
tr11-0024/tr11-0024,,
tr03-0982/tr03-0982,,
tr09-0328/tr09-0328,,
tr03-0674/tr03-0674,,
tr06-0532/tr06-0532,,
tr04-0583/tr04-0583,,
tr10-0628/tr10-0628,,
tr07-0230/tr07-0230,,
tr12-0261/tr12-0261,,
tr06-0883/tr06-0883,,
tr06-0108/tr06-0108,,
tr04-0671/tr04-0671,,
tr04-0223/tr04-0223,,
tr09-0436/tr09-0436,,
tr03-0792/tr03-0792,,
tr08-0336/tr08-0336,,
tr07-0036/tr07-0036,,
tr11-0457/tr11-0457,,
tr03-0256/tr03-0256,,
tr12-0243/tr12-0243,,
tr04-0117/tr04-0117,,
tr13-0080/tr13-0080,,
tr07-0247/tr07-0247,,
tr04-0030/tr04-0030,,
tr05-0646/tr05-0646,,
tr05-1238/tr05-1238,,
tr06-0862/tr06-0862,,
tr06-0166/tr06-0166,,
tr07-0796/tr07-0796,,
tr03-1333/tr03-1333,,
tr12-0097/tr12-0097,,
tr10-0511/tr10-0511,,
tr09-0040/tr09-0040,,
tr03-0373/tr03-0373,,
tr04-0536/tr04-0536,,
